ID;DaysAgo;Source;Raw;Forwarded
AIS-7;7;AIS;4925;3367
IoT-7;7;IoT;4076;3293
IMD-7;7;IMD;141;124
USGS-7;7;USGS;52;49
News-7;7;News;706;385
AIS-6;6;AIS;4528;3114
IoT-6;6;IoT;3811;2958
IMD-6;6;IMD;124;109
USGS-6;6;USGS;62;58
News-6;6;News;838;460
AIS-5;5;AIS;5942;4104
IoT-5;5;IoT;4319;3450
IMD-5;5;IMD;125;111
USGS-5;5;USGS;56;53
News-5;5;News;741;394
AIS-4;4;AIS;5416;3621
IoT-4;4;IoT;3955;3197
IMD-4;4;IMD;121;107
USGS-4;4;USGS;63;59
News-4;4;News;774;411
AIS-3;3;AIS;5126;3452
IoT-3;3;IoT;4244;3317
IMD-3;3;IMD;129;113
USGS-3;3;USGS;60;56
News-3;3;News;876;490
AIS-2;2;AIS;5949;4080
IoT-2;2;IoT;3804;2964
IMD-2;2;IMD;125;110
USGS-2;2;USGS;51;48
News-2;2;News;885;471
AIS-1;1;AIS;5785;3891
IoT-1;1;IoT;4128;3244
IMD-1;1;IMD;143;125
USGS-1;1;USGS;66;62
News-1;1;News;813;426
