ID;at;PurchaseOrder;PurchaseOrderItem;field;oldValue;newValue;source
c7fcd7ae-bd3d-5654-a622-5421bd3d989d;2026-09-02T04:44:00Z;4500017702;10;ConfirmedDelivery;2026-09-02 18:00;2026-09-02 19:05;Dispatch agent · INC-2026-0412
8839d356-f787-5a0b-8010-d454645c55f8;2026-09-02T04:44:00Z;4500017708;10;ConfirmedDelivery;2026-09-02 21:00;2026-09-02 22:05;Dispatch agent · INC-2026-0412
8a986375-22d2-5c2e-aa55-1f07567f4524;2026-09-02T04:44:00Z;4500017702;10;Route;NH44 Krishnagiri;Dharmapuri bypass;Dispatch agent · INC-2026-0412
f977a2c9-9d70-5032-8206-02c204050c82;2026-08-21T09:15:00Z;4500017655;10;ConfirmedDelivery;2026-08-23 06:00;2026-08-23 14:00;Dispatch agent · INC-2026-0398
197f41e2-3cfe-578b-b6fa-6f6400d834e3;2026-08-21T09:15:00Z;4500017661;20;ConfirmedDelivery;2026-08-22 18:00;2026-08-24 02:00;Dispatch agent · INC-2026-0398
a5497a66-31c1-5271-894f-abb6bb4ba970;2026-08-06T01:58:00Z;4500017590;10;Route;Shiradi Ghat;Sampaje–Madikeri;Dispatch agent · INC-2026-0377
9d1184d8-b452-5515-8621-fcf39c314a4a;2026-07-18T12:33:00Z;4500017420;10;ConfirmedDelivery;2026-08-04 00:00;2026-08-05 12:00;Dispatch agent · INC-2026-0351
401050b1-3e0b-5055-b91a-f0a38d343451;2026-07-10T06:20:00Z;4500017399;10;Created;;1,000 EA Gearbox housings;Orders & SLA
73662864-1610-5ec0-b550-026a8d4e6e1a;2026-07-03T22:07:00Z;4500017366;10;ConfirmedDelivery;2026-07-05 08:00;2026-07-07 08:00;Dispatch agent · INC-2026-0333
